Earth,Earthprp,Earthprp1326,user,data/ProfileImage/userDefaultProfile.png
Aom,Aomtrd,Aomtrd1086,user,data/ProfileImage/userDefaultProfile.
Au,Aucnw,Aucnw0800,user,data/ProfileImage/userDefaultProfile.png
Tan,Tancyk,Tancyk0001,user,data/ProfileImage/userDefaultProfile.png
Neuw,Neuwnnp,Neuwnnp0002,user,data/ProfileImage/userDefaultProfile.png
Rada,Radanataya,Radanataya0003,user,data/ProfileImage/userDefaultProfile.png
Tat,Tatnbg,Tatnbg0004,user,data/ProfileImage/userDefaultProfile.png
Prem,Premntn,Premntn0005,user,data/ProfileImage/userDefaultProfile.png
Kwan,Kwanpraew,Kwanpraew0006,user,data/ProfileImage/userDefaultProfile.png
Tyty,Tytypeepee,Tytypeepee0007,user,data/ProfileImage/userDefaultProfile.png
StaffNumber1,Staffaeiou1,AeiouStaff1,staff,data/ProfileImage/staffDefaultProfile.png
StaffNumber2,Staffaeiou2,AeiouStaff2,staff,data/ProfileImage/staffDefaultProfile.png
StaffNumber3,Staffaeiou3,AeiouStaff3,staff,data/ProfileImage/staffDefaultProfile.png
aaa,aaa,aaa,staff,data/ProfileImage/staffDefaultProfile.png
AdminMain,AdminMain81,TheAdminKuCs81,admin,data/ProfileImage/userDefaultProfile.png
thth,thth,thth,user,data/profileUsers/thth.png
bb,bb,bb,staff,data/profileUsers/bb.png
rrr,rrr,rrr,user,data/profileUsers\rrr.png
rgr,rgrg,rg,user,
